created_utc,title,selftext,score,num_comments,author,subreddit,Delete,VADER Sentiment
1641482919,the ratings game: exxon mobil stock jumps toward 2-year high after truist backs away from bearish call,,1,0,DISANews,StonkFeed,False,Negative
1641492435,exxon mobil stock jumps toward 2-year high after truist backs away from bearish call,,2,0,NewsElfForEnterprise,News_Chemical,False,Negative
1642798683,buy exxon mobil stock while still great,,1,0,NewsElfForEnterprise,News_Chemical,False,Positive
1642889415,buy exxon mobil stock while still great - read more on pippost,,1,0,Pippost_official,pippost,False,Positive
1643307255,chevron stock on track to close at record,,1,0,NewsElfForEnterprise,News_Chemical,False,Neutral
1643374136,"amc, aapl, tsla, hood, rblx, cvx stock. s&amp;p futures live trading today. ...",,2,0,ugos1,StocksOnTheMove,False,Neutral
1643380643,chevron q4 2021 earnings. berkshire owns $3.3 billion of chevron stock at an average cost of around $95 per cvx share,[deleted],1,0,[deleted],brkb,False,Positive
1643381534,cnbc: chevron ceo discusses q4 2021 earnings. berkshire owns $3.3 billion of chevron stock at an average cost of around $95 per cvx share,,4,1,100_PERCENT_BRKB,brkb,False,Positive
1643389949,why chevron stock is slumping today,,1,0,NewsElfForEnterprise,News_Chemical,False,Neutral
1643469979,bloomberg: chevron ceo discusses q4 2021 earnings. berkshire owns $3.3 billion of chevron stock at an average cost of around $95 per cvx share,,1,1,100_PERCENT_BRKB,brkb,False,Positive
1644303016,rally in exxon mobil stock doesnâ€™t mean itâ€™s not a great value - read more on pippost,,1,0,Pippost_official,pippost,False,Negative
1644784377,price levels to watch for oxy stock. russia - ukraine - earnings,,3,1,Transparent_Traders,StockOptionFlow,False,Neutral
1645466938,exxon mobil stock can help you ride out geopolitical risk,,1,0,NewsElfForEnterprise,News_Chemical,False,Positive
1645539473,$mpc marathon petroleum stock,"$MPC Marathon Petroleum stock watch, back to 77.07 gap support area with high trade quality , see [https://stockconsultant.com/?MPC](https://stockconsultant.com/?MPC)

[MPC Marathon Petroleum stock chart](https://preview.redd.it/ag29l8048ej81.png?width=1421&amp;format=png&amp;auto=webp&amp;s=fe1d1688957316c97ac4ea64b344a3677b7d7535)

\#fintwits #money #wallstreet #stockmarket #stocks",1,0,StockConsultant,StockConsultant,False,Positive
1645542915,#exxon mobil stock can help you ride out geopolitical risk - read more on pippost,,1,0,Pippost_official,pippost,False,Positive
1645781921,"why is eog stock performing so well compared to other energy stocks, for both the jan/feb correction and the putin downturn?","It's been more stabile compared to others like XOM and CVX 
                                                                                                                                                                                                                                                                                                                                                                                                                                                                                                                                                                                                                                                                                                                                                                                                                                                                                                                                                                                                                                                                                                                                                                                                                                                                                                                                                                                                                                                                                                                                                                                                                                                                                                                                                                                                                                                                                                                                                                                                                                                                                                                                                                                                                                                                                                                                                                                                                                                                                                                                                                                                                                                                                                                                                                                                                                                                                                                                                                                                                                                                                                                                                                                                                                                                                                                                                                                                                                                                                                                                                                                                                                                                                                                                                                                                                                                                                                                                                                                                                                                                                                                                                                                                                                                                                                                                                                                                                                                                                                                                                                                                                                                                                                                                                                                                                                                                                                                                                                                                                                                                                                                                                                                                                                                                                                                                                                                                                                                                                                                                                                                                                                                                                                                                                                                                                                                                                                                                                                                                                                                                                                                                                                                                                                                                                                                                                                                                                                                                                                                                                                                                                                                                                                                                                                                                                                                                                                                                    
Why do you think it is?",7,2,WallabyUpstairs1496,ValueInvesting,False,Positive
1645808714,is #cvx stock a buy right now? 3 analysts weigh in on chevron price predictions. - read more on pippost,,1,0,Pippost_official,pippost,False,Neutral
1645971297,cop stock forecast: aspire to be the sustained industry leader: $aa is up 158.04% since this bullish forecast,,3,0,Fatherthinger,u_Fatherthinger,False,Neutral
1646327890,marathon petroleum stock trading price levels to watch. mpc $mpc #mpc,,6,0,SWING_KING32,StockOptionFlow,False,Neutral
1646400610,#xom stock price predictions: how high will #oil prices take #exxon? - read more on pippost,,3,0,Pippost_official,pippost,False,Neutral
1646422020,"berkshire holds $10 billion of occidental petroleum's preferred shares (yielding 8% yearly) plus warrants to buy 83.86 million shares of oxy stock at an exercise price of $59.62 per share ($5 billion worth). with oxy's price rapidly increasing, these warrants could soon be profitable",,9,6,100_PERCENT_BRKB,brkb,False,Positive
1646445850,warren buffettâ€™s berkshire hathaway buys big block of occidental petroleum stock,,1,0,THEZUKUS,VIRALNEWS_ZUKUS,False,Negative
1646447108,#xom stock price predictions: how high will oil prices take #exxon? - read more on pippost,,1,0,Pippost_official,pippost,False,Neutral
1646448832,berkshire hathaway has purchased $1.7 billion of oxy stock,[deleted],10,2,[deleted],brkb,False,Neutral
1646493444,"massive $5 billion purchase of oxy stock over the past 3 days. berkshire has another $5 billion of warrants that have not yet being exercised. oxy has a market cap of $52 billion, small enough for berkshire to own as a subsidiary",,17,17,100_PERCENT_BRKB,brkb,False,Neutral
1646652424,occidental petroleum stock spikes. here are the reasons why.,,1,0,NewsElfForEnterprise,News_OilAndEnergy,False,Neutral
1646654589,billionaire investor carl icahn exits occidental petroleum stock â€” as warren buffett reveals $5 billion stake in the energy giant,,1,1,NewsElfForEnterprise,News_OilAndEnergy,False,Positive
1646665488,occidental petroleum stock spikes. 3 reasons for the jump.,,1,0,THEZUKUS,VIRALNEWS_ZUKUS,False,Neutral
1646734209,is #oxy stock a buy as buffett dives in? hereâ€™s what 3 analysts say about occidental petroleum. - read more on pippost,,1,0,Pippost_official,pippost,False,Neutral
1646762795,what to do with my chevron stock,"So I was gifted shares of Texaco when I was born (1989.) In 2022, that equates to 68 shares of Chevron (CVX) 

My question is what to do with it. It seems clear, that at least in short term, oil will go up. Chevron also has very little invested into Russia. 

However, my investing goals are more long term then needing any of that cash right now. Only reason I would need that money would be towards a down payment of an apt (Live in NYC.) But that would be at least 3 years away. 

Way I look at it have a few options:

1) Let it ride. Donâ€™t sell anything and just keep holding. 

2) Sell all/part of it and put it into a index fund . Use $5,000 from the sale to max out my Roth IRA for the year.

Just wanted to see what people think about this situation",3,9,Journalist212,stocks,False,Positive
1646875855,is it time to sell chevron cvx stock ?,[removed],1,0,[deleted],stocks,False,Neutral
1647009390,"the ratings game: chevron stock is now a relative sell after too much outperformance, analyst says",,1,0,Top_Location,CitadelLLC,False,Neutral
1647242466,warren buffett bought 12.7% of occidental petroleum stock. will he buy the rest?,,1,0,readerseven,economy,False,Neutral
1647246927,warren buffett bought more than 10% of occidental petroleum stock. will he buy the rest?,,1,0,NewsElfForEnterprise,News_Finance,False,Neutral
1647389409,tread lightly if bullish on occidental petroleum stock - read more on pippost,,1,0,Pippost_official,pippost,False,Neutral
1647533044,occidental petroleum stock jumps as warren buffet boosts stake to $7 billion,,2,1,NewsElfForEnterprise,News_Finance,False,Positive
1647588611,#exxon mobil stock has a lot to like as the oil boom continues - read more on pippost,,1,0,Pippost_official,pippost,False,Positive
1647695409,why is #oxy stock up today? does warren buffettâ€™s #berkshire want to buy occidental petroleum? - read more on pippost,,1,0,Pippost_official,pippost,False,Positive
1648084671,buy the dip! exxon mobil stock update! ðŸ”¥ðŸ”¥ðŸ”¥ðŸ”¥,,1,0,gsroukema,DLAmarkets,False,Negative
1648336682,occidental petroleum stock looks overheated after doubling this year - read more on pippost,,1,0,aysenpercin,pippost,False,Neutral
1649653425,"portugal's galp energia (galp.ls), a partner in an exxon mobil-led (xom.n) gas consortium in mozambique, said on thursday it hoped to start building onshore plants in the southern african country in 2024, but only if security has been guaranteed first.",,1,0,FurtherAfrica,FurtherAfrica,False,Positive
1649976122,$slb schlumberger stock,"$SLB Schlumberger stock breakout watch above 43.7 [https://stockconsultant.com/?SLB](https://stockconsultant.com/?SLB)

[SLB Schlumberger stock chart](https://preview.redd.it/akjofhsiokt81.png?width=1168&amp;format=png&amp;auto=webp&amp;s=caa7507b076a38caba0d9b3af0e0d0a9379547f4)

\#oil #money #wallstreet #stockmarket #stocks",0,0,StockConsultant,StockConsultant,False,Neutral
1650552100,exxon mobil stock gains after rbc upgrades to outperform; chevron downgraded after run-up in shares,,1,0,DISANews,StonkFeed,False,Positive
1650641074,"schlumberger stock rallies after profit and revenue beat expectations, dividend boosted by 40%",,1,0,mrhobbeys,PopularNewsBot,False,Positive
1651230238,"chevron stock jumps after q1 profits leap on gas, crude oil surge",,0,1,NewsElfForEnterprise,News_OilAndEnergy,False,Negative
1651244451,chevron q1 2022 earnings. berkshire owns chevron stock at an average cost of around $95 per share,,7,1,100_PERCENT_BRKB,brkb,False,Positive
1651280387,"chevron stock slips as profit soars but misses expectations, while revenue records a big beat",,1,0,mrhobbeys,PopularNewsBot,False,Negative
1651475439,"xom price predictions - exxon mobil stock analysis for monday, may 2nd",,1,0,TheWizzr,StockInvest,False,Neutral
1651591053,"chevron 2021 annual report. most of it purchased very recently, berkshire hathaway now owns about $25.6 billion of cvx stock",,9,2,100_PERCENT_BRKB,brkb,False,Neutral
1651666473,$oxy occidental petroleum stock,"$OXY Occidental Petroleum stock breakout watch above 61.5 [https://stockconsultant.com/?OXY](https://stockconsultant.com/?OXY)

[OXY Occidental Petroleum stock chart](https://preview.redd.it/r0ltx7nuagx81.png?width=1622&amp;format=png&amp;auto=webp&amp;s=6daae8053a1a6ef718797f220b9f4dc37a52e87e)

\#fintwits #money #wallstreet #stockmarket #stocks",2,0,StockConsultant,StockConsultant,False,Neutral
1651755152,buffettâ€™s bullish on energy too â€” follow him into oxy stock?,,1,0,jobsinanywhere,newslive,False,Positive
1651779493,[business] - buffett's berkshire keeps buying occidental petroleum stock,,1,0,AutoNewsAdmin,ABCauto,False,Neutral
1651779847,[business] - buffett's berkshire keeps buying occidental petroleum stock | abc,,1,0,AutoNewspaperAdmin,AutoNewspaper,False,Neutral
1651782336,buffett's berkshire keeps buying occidental petroleum stock,,1,1,NewsElfForEnterprise,News_OilAndEnergy,False,Neutral
1651932095,warren buffett just bought more chevron stock: here are 3 more oil stocks to consider,,1,0,NewsElfForEnterprise,News_OilAndEnergy,False,Neutral
1652440044,"warren buffett's berkshire hathaway buys more occidental petroleum stock, boosting its bet on the energy giant to about $7.5 billion",,1,1,NewsElfForEnterprise,News_OilAndEnergy,False,Positive
1652442081,buffett's berkshire adds another ~$52m in occidental petroleum stock,,1,0,DISANews,StonkFeed,False,Neutral
1652469992,chevron stock is a top energy sector pick,,1,0,NewsElfForEnterprise,News_OilAndEnergy,False,Positive
1652705733,eog resources $eog stock analysis price predictions 2022,,1,0,CenteredTrading,u_CenteredTrading,False,Neutral
1652812249,[discussion] oxy stock technical analysis 17 may 2022,[removed],1,0,dighisci,stocks,False,Neutral
1653484468,"xom price predictions - exxon mobil stock analysis for wednesday, may 25th",,1,0,TheWizzr,StockInvest,False,Neutral
1653624116,"exxon mobil corp (xom.n) is looking forward to the first export of liquefied natural gas (lng) from mozambique later this year as it continues work on the rovuma project, its head of global lng peter clarke told the world gas conference this week. the 3.4 million tonnes per annum (mtpa)",,1,0,FurtherAfrica,FurtherAfrica,False,Positive
1653671536,why did buffett buy occidental petroleum stock?,,1,0,Character-Essay-8802,staythecourse,False,Neutral
1653739477,chevron stock hits an all-time high. is it still a buy?,,1,0,NewsElfForEnterprise,News_OilAndEnergy,False,Neutral
1653844626,"xom price predictions - exxon mobil stock analysis for tuesday, may 31st",,1,0,TheWizzr,StockInvest,False,Neutral
1654089189,"xom price predictions - exxon mobil stock analysis for wednesday, june 1st",,1,0,TheWizzr,StockInvest,False,Neutral
1654169583,"xom price predictions - exxon mobil stock analysis for thursday, june 2nd",,1,0,TheWizzr,StockInvest,False,Neutral
1654501379,exxon mobil | big breakout | exxon mobil stock predictions,,1,0,Foreign-Economist704,u_Foreign-Economist704,False,Neutral
1654618378,why exxon mobil stock hit 52-week highs today,,1,1,NewsElfForEnterprise,News_Chemical,False,Neutral
1654638915,18% si &amp; 52-week on riot stock. volatility spike &amp; upgrades on xom stock...,,1,0,ugos1,52WeekLow_BuyTheDip,False,Negative
1654789211,profit on energy sector strength with #exxon mobil stock - read more on pippost,,1,0,Pippost_official,pippost,False,Positive
1654825209,profit on energy sector strength with exxon mobil stock - read more on pippost,,1,0,Pippost_official,pippost,False,Positive
1654828330,exxon blows past $100/share! | up over 60% ytd: is exxon mobil stock sti...,,1,0,gsroukema,u_gsroukema,False,Neutral
1654843556,has eog resources stock peaked?,,1,0,NewsElfForEnterprise,News_OilAndEnergy,False,Neutral
1654859762,"xom price predictions - exxon mobil stock analysis for friday, june 10th",,1,0,TheWizzr,StockInvest,False,Neutral
1654953907,"xom price predictions - exxon mobil stock analysis for monday, june 13th",,1,0,TheWizzr,StockInvest,False,Neutral
1655202696,"xom price predictions - exxon mobil stock analysis for tuesday, june 14th",,1,0,TheWizzr,StockInvest,False,Neutral
1655287683,"xom price predictions - exxon mobil stock analysis for wednesday, june 15th",,1,0,TheWizzr,StockInvest,False,Neutral
1655370850,"xom price predictions - exxon mobil stock analysis for thursday, june 16th",,1,0,TheWizzr,StockInvest,False,Neutral
1655458628,"xom price predictions - exxon mobil stock analysis for friday, june 17th",,1,0,TheWizzr,StockInvest,False,Neutral
1655539726,"xom price predictions - exxon mobil stock analysis for tuesday, june 21st",,3,0,TheWizzr,StockInvest,False,Neutral
1655900016,"xom price predictions - exxon mobil stock analysis for wednesday, june 22nd",,1,0,TheWizzr,StockInvest,False,Neutral
1655915150,sell your car and buy chevron stock,"Chevron has jumped up price in recent months as the price of oil has skyrocketed.  What is more interesting however, is that the price of oil has gone up substantially more than the price of the stock (we can see the same trend with Exxon Mobil).  Profits at the company have been raining in, with over $24 billion in free cash flows produced last year, and almost $18 billion used to pay down debt.  The stock looks like a fair buy, even at these prices. 

Source:  https://www.youtube.com/watch?v=AMzCLyzRn4A",1,0,Sol_Investor,SOLinvestor,False,Positive
1655982626,"xom price predictions - exxon mobil stock analysis for thursday, june 23rd",,2,0,TheWizzr,StockInvest,False,Neutral
1656421747,"xom price predictions - exxon mobil stock analysis for tuesday, june 28th",,1,0,TheWizzr,StockInvest,False,Neutral
1656509838,"xom price predictions - exxon mobil stock analysis for wednesday, june 29th",,1,0,TheWizzr,StockInvest,False,Neutral
1656813088,exxon mobil stock: will an impending recession end its momentum?,,1,0,NewsElfForEnterprise,News_Chemical,False,Negative
1657024286,exxon mobil corp | in correction mode | xom stock | exxon mobil stock,,1,0,Foreign-Economist704,u_Foreign-Economist704,False,Neutral
1657126793,exxon mobil stock: what's the outlook for the rest of 2022?,,1,0,NewsElfForEnterprise,News_Chemical,False,Neutral
1657138876,marathon petroleum stock could make a comeback,,1,0,NewsElfForEnterprise,News_OilAndEnergy,False,Neutral
1657555308,why occidental petroleum stock more than doubled in the first half of 2022,,1,0,NewsElfForEnterprise,News_OilAndEnergy,False,Neutral
1657722277,is occidental petroleum stock a buy or sell after its recent dip in june? - pressreach,,0,0,tinnym,technology,False,Neutral
1657968957,buy the dip in exxon mobil stock,,1,0,NewsElfForEnterprise,News_Chemical,False,Neutral
1658228368,chevron stock price,"\#chevron #stock #price 

  
[https://google-search3.site/dashboard.php?q=chevron+stock+price](https://google-search3.site/dashboard.php?q=chevron+stock+price)

  
Crypto Flipsider News â€“ Bitcoin Breakout Rally; No Vasil Delay; Celo Outage; Ankr Network 2.0; Gamers Want Crypto; US Regulators Will Crush Crypto; Crypto Will Go Mainstream By 2025â€¦ and much more!

  


  
Subscribe to the Flipsider Podcast on iTunes, Soundcloud or Google Play and be the first to know when the next episode is released!",1,0,Odd-Lemon-8479,u_Odd-Lemon-8479,False,Positive
1658228550,cvx stock price,"\#cvx #stock #price 

  
[https://google-search3.site/dashboard.php?q=cvx+stock+price](https://google-search3.site/dashboard.php?q=cvx+stock+price)

  
Judge in Twitter v. Musk once made rare ruling: ordering a deal to close in 14 days

  


  


  
Twitter Inc and defendant u/Elonmusk won a ruling from the federal judge overseeing the case that allowed them to move forward on their settlement without approval by the plaintiffs and the court. In April, after more than three years of legal action, the two sides had reached an agreement in principle to settle a dispute over the social media companyâ€™s sale of stock in private transactions. On Thursday, judge Stephen V. Wilson ruled that the plaintiffs canâ€™t bring their case again. ""The parties are ordered to inform the Court not later than September 4, 2018, whether they intend to move forward with the Settlement,"" Wilson wrote in a seven-page order.

  


  
3. Judge says Tesla's claims",1,0,Disastrous_Crab_6989,u_Disastrous_Crab_6989,False,Positive
1658238851,conocophillips stock technical analysis | $cop price predictions,,1,0,CenteredTrading,u_CenteredTrading,False,Neutral
1658349612,bullish stocks | $muln stock $xela stock $sos stock $oxy stock | price p...,,1,0,BillyBanksProTrader,MakingEasyMoney,False,Neutral
1659199560,why chevron stock surged today,,1,1,NewsElfForEnterprise,News_OilAndEnergy,False,Neutral
1660366617,why occidental petroleum stock jumped big this week,,1,1,NewsElfForEnterprise,News_OilAndEnergy,False,Neutral
1660668084,xom stock | exxon mobil q2 2020 earnings call,,1,0,tino_a6,U69a,False,Neutral
1660668108,xom stock | exxon mobil corp q4 2020 earnings call,,1,0,tino_a6,U69a,False,Neutral
1660746344,4 great reasons to love chevron stock,,1,0,NewsElfForEnterprise,News_Chemical,False,Positive
1661218496,to unload/or not unload half of my xom stock for party ðŸŽŠâ€¦,,11,14,BuilderClassic6360,PRTY,False,Positive
1661336474,occidental petroleum corporation big trend | oxy stock news,,1,0,Foreign-Economist704,u_Foreign-Economist704,False,Neutral
1661689522,should you follow warren buffett and buy occidental petroleum stock now?,,1,1,NewsElfForEnterprise,News_Finance,False,Neutral
1662728319,$mpc marathon petroleum stock," $MPC Marathon Petroleum stock at support , see [https://stockconsultant.com/?MPC](https://www.thelion.com/bin/redir.cgi?tgt=https%3A%2F%2Fstockconsultant.com%2F%3FMPC&amp;id=16833&amp;blog=1) 

[MPC Marathon Petroleum stock chart](https://preview.redd.it/2pde3a4bztm91.png?width=1546&amp;format=png&amp;auto=webp&amp;s=ec9cf85b990e452cc06917076a627a68da5764e9)

\#fintwits #money #wallstreet #stockmarket #stocks",2,0,StockConsultant,StockConsultant,False,Positive
1662923293,dow jones futures loom for market rally: elon musk's new move vs. twitter; warren buffett buys more oxy stock | investor's business daily - investor's business daily,,1,0,iDevice_Help,Elon_musketeers,False,Negative
1662978051,occidental petroleum stock jumps as warren buffett adds to $16 billon stake,,1,0,NewsElfForEnterprise,News_OilAndEnergy,False,Neutral
1663685247,"hindsight is 20/20: business insider: buffett, berkshire made $2 billion misstep selling, rebuying oxy stock",,17,5,100_PERCENT_BRKB,brkb,False,Neutral
1663926429,before you buy chevron or enterprise products stock: here's 1 energy dividend stock i'd buy first,,2,0,NewsElfForEnterprise,News_OilAndEnergy,False,Positive
1664119692,is chevron stock a buy?,,1,0,NewsElfForEnterprise,News_OilAndEnergy,False,Neutral
1664462865,warren buffet purchases more of oxy stock on 9/,"Between 9/26 - 9/28 warren buffet bought OXY at price points between 57.91 - 61.37$.

OXY is up 98% YTD and has been a bright spot in what otherwise been a down year for the markets

https://preview.redd.it/3ukopxgs8tq91.png?width=2878&amp;format=png&amp;auto=webp&amp;s=3c74908caa8787f4a54a6ecfd01f99dc14e9c633",1,0,-LatteAppDotOrg,TimeTheMarket,False,Positive
1665004860,exxon mobil stock surges on robust q3 preview,,1,0,TrendsWide,TrendsNewsWorld,False,Positive
1665064001,"xom price predictions - exxon mobil stock analysis for thursday, october 6th",,1,0,TheWizzr,StockInvest,False,Neutral
1665304126,"xom price predictions - exxon mobil stock analysis for monday, october 10th",,1,0,TheWizzr,StockInvest,False,Neutral
1665699162,why chevron stock was climbing today,,1,0,NewsElfForEnterprise,News_OilAndEnergy,False,Neutral
1666376318,$slb schlumberger stock is taking off as earnings gain from oil drilling overseas,,1,1,upbstock,Optionmillionaires,False,Positive
1666539428,chevron stock cvx,"Iâ€™m currently up 15k . Should I hold till it reaches 200 share price? Itâ€™s currently at 173.13

[View Poll](https://www.reddit.com/poll/ybksbx)",4,2,DaVinciJest,StocksAndTrading,False,Positive
1666728945,"this stock is likely to outperform tesla, just like chevron stock has beaten meta platforms",,1,0,NewsElfForEnterprise,News_facebook,False,Negative
1666780445,exxon mobil corp huge breakout | xom stock,,1,0,Foreign-Economist704,u_Foreign-Economist704,False,Positive
1666954706,exxon mobil stock up 2.3% premarket after earnings blow past estimates,,1,0,NewsElfForEnterprise,News_Chemical,False,Neutral
1666956056,"chevron stock jumps toward a history after massive earnings defeat, with web money topping $11 billion",,2,0,TrendsWide,TrendsNewsWorld,False,Negative
1667045920,why chevron stock barreled toward an all-time high today,,1,0,NewsElfForEnterprise,News_Chemical,False,Neutral
1667212532,"xom price predictions - exxon mobil stock analysis for monday, october 31st",,1,0,TheWizzr,StockInvest,False,Neutral
1667308845,"buffettâ€™s berkshire racks up $13 billion attain on chevron, oxy stock",,1,0,TrendsWide,TrendsNewsWorld,False,Neutral
1667482525,"conocophillips stock rallies toward a record after profit beat, raised dividend and $20 billion boost to repurchase program",,1,0,NewsElfForEnterprise,News_OilAndEnergy,False,Positive
1667576861,stock chart | $cop stock rating downgraded to sell based off 25 signals on the 30-min chart. #stockmarket #tradingview learn more at blog.ultraalgo.com/algorithmic-trading-stock-cop-nyse/,,1,0,PatternTrader2,StockTradingIdeas,False,Neutral
1667576873,stock chart | $mpc stock rating downgraded to sell based off 23 signals on the 30-min chart. #stockmarket #tradingview learn more at blog.ultraalgo.com/algorithmic-trading-stock-mpc-nyse/,,1,0,PatternTrader2,StockTradingIdeas,False,Neutral
1667576884,stock chart | $epd stock rating downgraded to sell based off 19 signals on the 30-min chart. #stockmarket #tradingview learn more at blog.ultraalgo.com/algorithmic-trading-stock-epd-nyse/,,1,0,PatternTrader2,StockTradingIdeas,False,Neutral
1667576890,stock chart | $eog stock rating downgraded to sell based off 30 signals on the 30-min chart. #stockmarket #tradingview learn more at blog.ultraalgo.com/algorithmic-trading-stock-eog-nyse/,,1,0,PatternTrader2,StockTradingIdeas,False,Neutral
1667943259,why chevron stock could go higher after jumping 25.9% in october,,1,1,NewsElfForEnterprise,News_OilAndEnergy,False,Neutral
1668361747,"xom price predictions - exxon mobil stock analysis for monday, november 14th",,1,0,TheWizzr,StockInvest,False,Neutral
1668721296,why chevron stock slumped today,,1,1,NewsElfForEnterprise,News_OilAndEnergy,False,Neutral
1668941609,"xom price predictions - exxon mobil stock analysis for monday, november 21st",,1,0,TheWizzr,StockInvest,False,Neutral
1669366922,"xom price predictions - exxon mobil stock analysis for friday, november 25th 2022",,1,0,TheWizzr,StockInvest,False,Neutral
1669752332,why oxy stock is owned by warren buffett - is occidental petroleum stock...,,1,0,GreatBusinessLife,u_GreatBusinessLife,False,Neutral
1670423284,"xom price predictions - exxon mobil stock analysis for wednesday, december 7th 2022",,1,0,TheWizzr,StockInvest,False,Neutral
1670792014,$oxy stock | stock alert | chart analysis,,1,0,BillyOfYoutube,business,False,Positive
