created_utc,title,selftext,score,num_comments,author,subreddit,Delete,False_Positive,VADER Sentiment
1641816757,wells fargo stock: earnings season kicks off with wfc in focus,,1,0,NewsElfForEnterprise,News_Finance,False,False,Positive
1642004302,"found citiadel's possible algorithm, and how they actually create these synthetics. gme bullish update as usual. thought y'all would appreciate my dd vid, every cent i make i put into gs stock.",,37,1,Life-Cricket1898,GME,False,False,Positive
1642005595,"found citiadel's possible algorithm, and a bit of possible visual how they actually create these synthetics. gme bullish update as usual. thought y'all would appreciate my dd vid, every cent i can set aside i put into gs stock.",,21,2,Life-Cricket1898,Superstonk,False,False,Positive
1642185794,wells fargo stock gains as earnings easily top estimates,,1,0,ZoolShop,CoinTuta,False,False,Positive
1642428196,"wfc price predictions - wells fargo stock analysis for tuesday, january 18th",,1,0,TheWizzr,StockInvest,False,False,Positive
1642433860,warren buffett missed out on $10 billion in gains by dumping wells fargo stock ‚Äî but he probably doesn't regret cashing out,,1,0,NewsElfForEnterprise,News_Finance,False,False,Positive
1642516510,goldman sachs stock selloff slashing more than 100 points off the dow's price,,1,0,NewsElfForEnterprise,News_GoldmanSachs,False,False,Negative
1642521528,[business] - goldman sachs stock slumps after reporting 13% dip in profits,,1,0,AutoNewsAdmin,NYPOSTauto,False,False,Positive
1642523335,[business] - goldman sachs stock slumps after reporting 13% dip in profits | ny post,,1,0,AutoNewspaperAdmin,AutoNewspaper,False,False,Positive
1642598478,"bank of america stock jumps as profit rises above expectations, while revenue comes up a bit shy",,1,0,mrhobbeys,PopularNewsBot,False,False,Positive
1642600737,ms stock price | morgan stanley stock price (usa: nyse),,1,0,jobsinanywhere,newslive,False,False,Neutral
1643038886,goldman sachs stock sinks into bear-market territory as it leads the dow's decliners,,1,0,NewsElfForEnterprise,News_GoldmanSachs,False,False,Neutral
1643113716,: american express stock jumps as earnings top expectations amid ‚Äòrecord‚Äô spending,,1,0,DISANews,StonkFeed,False,False,Positive
1643146384,bank of america &amp; wells fargo stock correlation (01/25/2022),"Hi everyone!

I was looking at some stocks on the FinViz map and I noticed something so I decided to take a look for myself.

[Bank of America 1 day chart \(01\/25\/2022\)](https://preview.redd.it/jt5j1r5giwd81.png?width=587&amp;format=png&amp;auto=webp&amp;s=90856be04f71b0adaf2e668abd0c9c3f6fd3f47c)

Take a look at the chart of BaC for today.

Now, I want you to take a look on Wells Fargo's chart from today.

&amp;#x200B;

[Wells Fargo 1 day chart \(01\/25\/2022\)](https://preview.redd.it/jzqd9bbniwd81.png?width=620&amp;format=png&amp;auto=webp&amp;s=c04e228f0d56873577c7c6c795d3907ae9797a0a)

Do you see what I see? This makes me wonder if theres any stock in the market that isn't manipulated.

Also, why do they do this? Why would they want their charts to be almost identical. Is this proof that they are working together to keep their shit show up? I don't have much wrinkles so would appreciate if some wrinkle brains could elaborate on this matter.

All I know is GME is going to MOASS. LFG!",15,4,haasecsgo,GME,False,False,Positive
1643204548,$jpm jpmorgan chase stock,"$JPM JPMorgan Chase stock watch, finding some support at 145.89 area , see [https://stockconsultant.com/?JPM](https://stockconsultant.com/?JPM)

[JPM JPMorgan Chase stock chart](https://preview.redd.it/zjjys044d1e81.png?width=1429&amp;format=png&amp;auto=webp&amp;s=1053633cb99a54751194db16a0646d32c0d631e4)

\#finance #money #wallstreet #stockmarket #stocks",3,0,StockConsultant,StockConsultant,False,False,Positive
1643236088,the ratings game: american express stock keeps its rally alive after upgrade,,1,0,DISANews,StonkFeed,False,False,Positive
1643291370,$wfc wells fargo stock,"$WFC Wells Fargo stock watch, back to 53.83 support area with bullish stats , see [https://stockconsultant.com/?WFC](https://stockconsultant.com/?WFC)

[WFC Wells Fargo stock chart](https://preview.redd.it/7uo6f3jcj8e81.png?width=1420&amp;format=png&amp;auto=webp&amp;s=a68c426aa2e268363b70bc18c6428256766d9f6f)

\#stocktrading #money #wallstreet #stockmarket #stocks",2,0,StockConsultant,StockConsultant,False,False,Positive
1644181803,the occ finds that jp morgan holds 62% of all derivatives. wonder why gensler has finally found religion on short sellers? because gensler's a good guy or because jamie called with jpm stock tanking.,[removed],12,0,j_stars,WallStreetbetsELITE,False,False,Positive
1645635723,[wtb] mini gs stock 1 piece barrel dust black,"looking to buy the stock 12"" barrel from a Mini GS in dust black",1,4,Usedjagsnextleft,PaintballBST,False,False,Neutral
1645652234,i had sold cash-secured jpm puts at $150 strike. the price went below that today. i am new to the options and want to know how long before the shares actually show up in my account. i am fine with having the jpm stock in my portfolio for a while and may use these for selling calls later.,[removed],1,2,No_Weekend_3320,options,False,False,Positive
1645970602,32$blk ohio,[removed],1,1,Traditional-Leg-3691,StraightToSissy,False,False,Neutral
1646068588,3 trades to profit from weakness in goldman sachs stock as rate hikes loom,,1,0,rabbit8956,rabbitstocknews,False,False,Negative
1646163412,goldman sachs stock (gs) - potential bottom," 

Hey everyone,

Just wanted to point out a triple bottom I found along with unusual call activity in GS stock.

Check out the daily chart - there is support at $327. Three bounces this month, as well as additional bounces in Feb &amp; April of 2021.

&amp;#x200B;

https://preview.redd.it/3s1tq85bvvk81.png?width=1544&amp;format=png&amp;auto=webp&amp;s=4019011337a26be29a46fcd3f3071cd8f6444623

After, check the 1min chart on March 1 2022. Multiple bounces at $327. This shows there is decent support here.

&amp;#x200B;

https://preview.redd.it/llhqyf59vvk81.png?width=1563&amp;format=png&amp;auto=webp&amp;s=0ee70033b172ff2f63c0555ddf9f43f5903e2e60

Additionally, my bot which tracks unusual activity from high-net-worth traders is showing call activity for the $327.5 strike.

I'm predicting a rally to at least $340, but potentially much higher.

Let me know your thoughts and feel free to check out my other predictions on my profile.

Thanks for reading!",1,0,wallstreet_vision,u_wallstreet_vision,False,False,Positive
1646251502,update on gs stock - options up 66% after signal,"Hey everyone,

GS bounced off support today. I discussed this as a possibility yesterday [here](https://www.reddit.com/user/wallstreet_vision/comments/t4g9kt/goldman_sachs_stock_gs_potential_bottom/). Feel free to check out the analysis.

The stock continued bouncing on the $327 level today at open before going up around 2.5%.  

https://preview.redd.it/c2nf2vgx01l81.png?width=1908&amp;format=png&amp;auto=webp&amp;s=7225227a5402f5b3586c6b811b85d6866d88fa33

&amp;#x200B;

Here's the daily chart as a reminder. My original price target was $340. As we approach that, I'm keep tracking of market sentiment to see if this a real bottom, or if we are heading lower.

https://preview.redd.it/h6xix2f111l81.png?width=1873&amp;format=png&amp;auto=webp&amp;s=3e986533376d912fae918e2560003f8b88ea6c5a

IWM hit a double bottom at the $137 level. Other indexes made a new low while IWM only hit the previous low and bounced. So it will be interesting to continue watching here. 

https://preview.redd.it/updw0bo611l81.png?width=1904&amp;format=png&amp;auto=webp&amp;s=47a2a0cc186cf1e8d3124a1d48d881d2cb08c6b0",1,0,wallstreet_vision,u_wallstreet_vision,False,False,Positive
1647736977,seeking advice on funds currently in a morgan stanley stock plan connect account to grow for utilization in the next 1-2 years,"I was gifted stock from my company 4 years ago and it has grown considerably in a Morgan Stanley Stock Plan Connect account. I am 75% vested so I have 11K available and 25% that will be vested EOY. I'm considering pulling the 75% vested and putting it somewhere that is more diverse that can grow with the goal of using this money for future home purchase.

&amp;#x200B;

Does anyone have advice on this? My gut says to pull and diversify but I want to be able to use the money in the next 2 years.

&amp;#x200B;

Edit: Can financial advisors help me with this?",1,1,Im31FinancialAdvice,personalfinance,False,False,Positive
1648030123,"goldman sachs stock posted mixed results in q4, what to expect?",,1,0,NewsElfForEnterprise,News_GoldmanSachs,False,False,Neutral
1648640124,what jefferies‚Äô earnings mean for goldman sachs stock,,1,0,NewsElfForEnterprise,News_GoldmanSachs,False,False,Neutral
1648662219,goldman sachs stock: growth catalysts outshine near-term woes,,1,0,NewsElfForEnterprise,News_GoldmanSachs,False,False,Negative
1649106257,blursed m$ms,,1068,8,ArrivalOdd6785,blursedimages,False,False,Neutral
1649109686,"blursedimages | image | ""blursed m$ms""",,1,3,transcribersofreddit,TranscribersOfReddit,False,False,Neutral
1649543830,does morgan stanley stock plan connect not work anymore?,,2,1,Noahs_Here,wealthica,False,False,Neutral
1649610136,"[wts] (md) psa 11.5"" 5.56 barrel, 16"" nbs 5.56 barrel, 2x a2 flash hiders 1/2x28, magpul str blk stock, xts m-lok freefloat handguard.",[removed],1,1,[deleted],GunAccessoriesForSale,False,False,Neutral
1649610270,"[wts]; (md); psa 11.5"" 5.56 barrel, 16"" nbs 5.56 barrel, 2x a2 flash hiders 1/2x28, magpul str blk stock, xts m-lok freefloat handguard.",[removed],1,1,[deleted],GunAccessoriesForSale,False,False,Neutral
1649610458,"[wts] psa 11.5"" 5.56 barrel, 16"" nbs 5.56 barrel, 2x a2 flash hiders 1/2x28, magpul str blk stock, xts m-lok freefloat handguard (md)","https://imgur.com/rZ8VFnz

PSA 11.5"" 5.56 Barrel, $75 OBO, \~200 rounds though the barrel. Drilled for a fSB.

[https://imgur.com/CGsDSoV](https://imgur.com/CGsDSoV)

NBS (ar15discounts dot com) 16"" 5.56 Barrel, $85 OBO, -75 rounds through it. Mid-length gas system for a softer shooting barrel.

[https://imgur.com/ua42HiZ](https://imgur.com/ua42HiZ)

1 A2 flash hider 1/2x28, $10 OBO

[https://imgur.com/ZV1zYtV](https://imgur.com/ZV1zYtV)

Magpul STR BLK, $55 OBO, for mil-spec buffer tube, low salt.

[https://imgur.com/35LinvI](https://imgur.com/35LinvI)

XTS M-Lok freefloat handguard, $80 OBO, painted FDE, cut down from 15"" to 13.25"". Includes hardware and barrel nut.
[https://imgur.com/KodDQby](https://imgur.com/KodDQby)
[https://imgur.com/Zk4nsw9](https://imgur.com/Zk4nsw9)


[https://www.academy.com/p/xts-tactical-15-in-m-lok-clamp-on-rail-system?sku=black](https://www.academy.com/p/xts-tactical-15-in-m-lok-clamp-on-rail-system?sku=black)",2,11,Photog_120,GunAccessoriesForSale,False,False,Negative
1650307299,goldman sachs stock: rare value from financial giant,,1,0,NewsElfForEnterprise,News_GoldmanSachs,False,False,Positive
1650642124,"american express stock dips on soft guidance, analysts stay positive",,1,0,DISANews,StonkFeed,False,False,Positive
1651081071,401k made up of 100% bank of america stock,"I've just found out that my mom's 401k is invested 100% in Bank of America stock. Basically she works for Bank of America and at some point somebody must have told her that this would be a good idea. Right now she had been waiting for it to go back up from the dip in 2009 to diversify. She has somebody helping her from Merrill Lynch but they cannot tell her what to do they can only let her know what her options are because it is a free service through Bank of America. She has lost $70,000 since February of this year thanks to a slight dip in the stock price. Once I looked into it I realized February of this year was almost the highest that Bank of America stock has been in over a decade, I imagine that would have been the time to diversify.

Given the current circumstances of the market any possible recession, does anybody have any advice on whether she should pull it all and put it into a diversified account? Or wait to see if the stock will go back up by $10 or so before doing that? Or, alternatively, is there anybody who thinks that where it is now, invested solely with Bank of America, is a good investment?",10,22,CristyMarshall22,personalfinance,False,False,Positive
1651081293,401k 100% invested in bank of america stock,"I've just found out that my mom's 401k invested 100% in Bank of America stock. Basically she works for Bank of America and at some point somebody must have told her that this would be a good idea. Right now she had been waiting for it to go back up from the dip in 2009 to diversify. She has somebody helping her from Merrill Lynch but they cannot tell her what to do they can only let her know what her options are because it is a free service through Bank of America. She has lost $70,000 since February of this year thanks to a slight dip in the stock price. Once I looked into it I realized February of this year was almost the highest that Bank of America stock has been in over a decade, I imagine that would have been the time to diversify.

Given the current circumstances of the market any possible recession, does anybody have any advice on whether she should pull it all and put it into a diversified account? Or wait to see if the stock will go back up by $10 or so before doing that? Or, alternatively, is there anybody who thinks that where it is now, invested solely with Bank of America, is a good investment?",117,96,CristyMarshall22,stocks,False,False,Positive
1651082690,401k solely invested in bank of america stock,[removed],1,1,CristyMarshall22,FinancialAdvice,False,False,Neutral
1651564050,"stocks rally! earnings! ms stock, bac, btc! stock market live",,1,0,emadbably,OptionsInvestopedia,False,False,Neutral
1652034781,[wts] cz bren 2 ms stock handguard $20 (ut),https://imgur.com/a/RvaPXrB,1,5,gorillaz3648,GunAccessoriesForSale,False,False,Neutral
1652778430,goldman sachs stock analysis | $gs price prediction,,1,0,CenteredTrading,u_CenteredTrading,False,False,Neutral
1652843969,"why did warren buffet sell all of his wells fargo, jp morgan, and morgan stanley stock",[removed],1,1,pprincerubberr,test,False,False,Positive
1653745658,"american express stock topped the street expectations in q1, is it fairly priced?",,1,0,mrhobbeys,PopularNewsBot,False,False,Neutral
1655192963,is american express stock a good investment?,[removed],1,0,[deleted],StockTargetAdvisor,False,False,Positive
1655479263,i should have just bought an mp5. (i know i need a blk stock),,9,7,th3dank,NFA,False,False,Neutral
1655764926,"western investment banks suddenly favour the desert. the likes of hsbc (hsba.l), (0005.hk), citigroup (c.n) and bank of america (bac.n) are boosting teams in saudi arabia and the united arab emirates to tap into increased public listings and m&amp;a activities in the region.","‚ÄúGulf mergers and acquisitions are also getting interesting. The soaring oil price and Western stock market selloffs mean Crown Prince Mohammed bin Salman‚Äôs $500 billion Public Investment Fund has greater firepower and juicier targets.    The PIF has already bought minority stakes in gaming companies like Japan‚Äôs Nintendo (7974.T) and Embracer (EMBRACb.ST) in Sweden, while cash-rich Gulf companies such as UAE telco group e&amp; (ETISALAT.AD), formerly known as Etisalat, recently spent $4.4 billion on a 10% stake in Vodafone (VOD.L).

The  upshot is a bonanza for those with long-cemented relationships. JPMorgan, Goldman and Moelis (MC.N) have grabbed 50% of M&amp;A fees in the UAE and Saudi worth $198 million so far this year, according to Refinitiv. All worked on Aramco, and JPMorgan‚Äôs links to Saudi go back decades. Fellow Aramco advisers HSBC and Citi grabbed 24% of IPO fees, Refinitiv data shows. Citi, which blotted its copybook after 9/11 by withdrawing from Saudi, has cemented improved relations via a personal visit from Chief Executive Jane Fraser. Meanwhile, Riyadh is getting less austere.

HSBC has hired at least five bankers in Saudi Arabia in recent months and moved one of its Dubai-based managing directors to Riyadh, Bloomberg reported on June 9.

Saudi Arabia‚Äôs sovereign wealth fund, the Public Investment Fund (PIF), has been shortlisted to buy a stake in the Middle East, North Africa and Central Asia Starbucks franchise held by Alshaya Group.‚Äù

But, but, who were the baddies again?‚Ä¶‚Ä¶‚Ä¶ you know, ‚Äúwar on terror ‚Äò and all....?  üßê

https://www.reuters.com/breakingviews/western-bankers-long-wait-gulf-gold-pays-off-2022-06-20/",1,0,BikkaZz,Capitalism,False,False,Positive
1655821180,$bac stock,"$BAC stock nice bounce [https://stockconsultant.com/?BAC](https://stockconsultant.com/?BAC)

[BAC Bank of America stock chart](https://preview.redd.it/3s4ghc9vgz691.png?width=1626&amp;format=png&amp;auto=webp&amp;s=eb68a330f818c58f5de74d23e27f6f65b8de7c82)

\#finance #money #wallstreet #stockmarket #stocks",1,0,StockConsultant,StockConsultant,False,False,Positive
1656417997,morgan stanley stock leads gains as banks boost dividends after fed stress tests,,1,1,NewsElfForEnterprise,NewsfeedForWork,False,False,Positive
1657635318,goldman sachs stock technical analysis | $gs price predictions,,1,0,CenteredTrading,u_CenteredTrading,False,False,Neutral
1657859183,wells fargo &amp; co | stay cautious | wfc stock | wfc stock price today,,1,0,Foreign-Economist704,u_Foreign-Economist704,False,False,Positive
1658223550,wells fargo stock,"\#wells #fargo #stock 

  
[https://google-search3.site/dashboard.php?q=wells+fargo+stock](https://google-search3.site/dashboard.php?q=wells+fargo+stock)

  
JP Morgan And Morgan Stanley Kick Off Earnings Season; Netflix's Earnings In Focus The following table shows how the major U.S. stock indexes have fared since March 3. (All data as of the Friday after the week's trading.) The Dow Jones Industrial Average, widely considered the best gauge of the health of the broad U.S. economy, rose a modest 0.9 percent since March 3. The S&amp;P 500 index also added 0.9 percent, while the Nasdaq composite picked up 1.3 percent. The Dow plunged 5.8 percent during the second week of March and has fallen 2.7 percent in 2018. That includes a small weekly drop of 0.4 percent Monday. The indexes' 1.3 percent gains since the start of 2018 are still below the 5.3 percent gain for the S&amp;P 500 during the same period. Stock market analysts typically favor strong economic data as an indicator of the underlying health of the broader economy. However, with investors likely focused more on the escalating trade war between the U.S",1,0,Pale_Scholar4466,u_Pale_Scholar4466,False,False,Positive
1658236210,"is blackrock stock an opportunity to buy now? what their fall means for the rest, blk stock, moomoo",,1,0,IpoMarketWatch,u_IpoMarketWatch,False,False,Positive
1658537492,your shrimp dick couldn‚Äôt even get halfway between my tits. m$gs open for me to tell you how much your pathetic dick could make it past.,,12,1,sunsetsandnicotine,HumiliationNSFW,False,False,Negative
1658917877,goldman sachs stock is looking cheap after q2 earnings beat,,1,1,NewsElfForEnterprise,News_GoldmanSachs,False,False,Neutral
1660054607,i need bank of america stock to raise!,[removed],1,1,SilverStocks,wallstreetbets,False,False,Neutral
1660430230,let's have a discussion. does preferred stock have option chain? i checked out bank of america stock and they have a ton of preferred stock tickers. i opened the majority of them in webull and checked to see if they have options enabled. they do not. i can't speak about the other brokers out there.,,41,29,melflomil,amcstock,False,False,Neutral
1660517018,j√ß@k3$bx,,65,0,anotheruglybird,StripperHoes,False,False,Neutral
1660561235,wells fargo stock lower on report of major mortgage market retreat,,1,1,NewsElfForEnterprise,News_Finance,False,False,Positive
1661261200,blackstone stock price prediction 2022-2023 üìà (bx stock analysis),,1,0,StelmakDenis,blackstone,False,False,Neutral
1661312056,bren 2 and bren 2 ms stock wobble fix,"I don‚Äôt know how many of you are struggling with stock wobble but, but I was. So, I designed a fix that right now I have on Cults3d.  I designed the initial version to 3D print.  I have other designs and would like to hope this will jump start funds for other designs I have.  I looked into having it made in Aluminum but I would need to have 100 made to get it in a price I can afford with a machine shop.  If you was take a look, the pictures are a bit crude but I will be posting new ones soon.  I know Haga Defense makes shims but I think that is a bad idea and puts stress on the hinge pin.  My designs does not do that.  Anyway check it out if you will. 
 
https://cults3d.com/en/3d-model/gadget/bren-2-ms-stock-wobble-fix",1,0,Purple_Weird_8990,Bren2,False,False,Negative
1661868197,"""top new york city and california pension officials want payments processors visa inc, (v.n) mastercard inc (ma.n) and american express (axp.n) to create a new tool to track suspicious gun purchases.""",,48,8,fpc_bot,firearmpolicy,False,False,Negative
1662603764,which one of you f$gs are gunna let my fuck their wallet?,,8,0,horny18teen2020,FindomMale,False,False,Negative
1662997962,goldman sachs stock brushes off steep price-target cut,,1,0,NewsElfForEnterprise,News_GoldmanSachs,False,False,Negative
1664164592,imagine if shareholders bought put options on wells fargo stock for misleading investor on diversity and bad work conditions as insurance to sell stock higher.,[deleted],1,0,[deleted],WellsFargoUnited,False,False,Negative
1664815473,"goldman sachs upgrades wells fargo stock, downgrades citigroup",,1,1,NewsElfForEnterprise,News_GoldmanSachs,False,False,Positive
1665490595,: bank of america stock price target cut to $35.50 from $40.50 at j.p. morgan,,1,0,ActivityMammoth5198,otcalerts,False,False,Negative
1665490597,: wells fargo stock price target cut to $46.50 from $49.50 at j.p. morgan,,1,0,ActivityMammoth5198,otcalerts,False,False,Neutral
1665490698,$bac bank of america stock,"$BAC Bank of America stock hold at 30.8 support area or breakdown? , see [https://stockconsultant.com/?BAC](https://stockconsultant.com/?BAC)

[BAC Bank of America stock chart](https://preview.redd.it/4r14vjc856t91.png?width=1544&amp;format=png&amp;auto=webp&amp;s=6d280f648e22cf4a8321a4f3cda0de99ecb12ce1)

\#finance #money #wallstreet #stockmarket #stocks",4,4,StockConsultant,StockConsultant,False,False,Positive
1665556338,what to expect from blackrock stock in q3?,,1,0,ActivityMammoth5198,otcalerts,False,False,Neutral
1665754610,"why blackrock stock popped blackrock stock popped after world's largest asset manager released q3 earnings report, despite mixed-bag results. #market_updates #blackrock_stock #etf_investing #etfs #inflation #investing #investment_management_stocks #stock_news #stockideas #stockmarket #stockmar...",,1,0,mrktwire,mrktwire,False,False,Positive
1665770718,wells fargo stock higher despite q3 profit earnings on 'fake account' litigation hit,,1,1,NewsElfForEnterprise,News_Finance,False,False,Negative
1666050315,[business] - jim cramer says to buy wells fargo stock to capitalize on the fed‚Äôs rate hikes,,1,0,AutoNewsAdmin,NBCauto,False,False,Positive
1666050976,[business] - jim cramer says to buy wells fargo stock to capitalize on the fed‚Äôs rate hikes | nbc,,1,0,AutoNewspaperAdmin,AutoNewspaper,False,False,Positive
1666069759,jim cramer says to buy wells fargo stock to capitalize on the fed‚Äôs rate hikes,,1,0,Effective_Tear138,stockxpo,False,False,Positive
1666098181,"goldman sachs stock jumps after q3 earnings beat, restructuring plans, dividend",,1,0,NewsElfForEnterprise,NewsfeedForWork,False,False,Neutral
1666103066,goldman sachs stock (gs) jumps more than 3% on major earnings win https://url4ever.com/goldman-sachs-stock-gs-jumps-more-than-3-on-major-earnings-win/?feed_id=393787,,1,0,ib80,u_ib80,False,False,Positive
1666188019,goldman sachs stock analysis (#gs),"Investment banking and asset management giant Goldman Sachs recently reported a big reorganization in their business, but what does that mean for potential investors?  Looking at the fundamentals, it's a mixed story.  

Although shareholders have been diluted a bit over the past few years and the company doesn't produce a huge amount of returns on invested capital, its income looks good and its dividend seems well covered.  Even with modest growth and valuation estimates, the stock looks like it is in buy territory based on today's prices. 

Source: [https://www.youtube.com/watch?v=RMN9w0h3tB8](https://www.youtube.com/watch?v=RMN9w0h3tB8) (Global Money Academy)",2,0,Sol_Investor,SOLinvestor,False,False,Positive
1666199821,goldman sachs stock price target raised to $325 from $310 at ubs,,1,0,ActivityMammoth5198,otcalerts,False,False,Neutral
1666339704,blackrock stock downgraded after pushing radical esg agenda. the world economic forum is listed as one of blackrock‚Äôs ‚Äúkey diversity partners.‚Äù blackrock ceo larry fink has previously shared his view on companies‚Äô role in ‚Äúforcing behaviors.‚Äù,,91,12,SILV3RAWAK3NING76,Wallstreetsilver,False,False,Positive
1666342941,blackrock stock downgraded after pushing radical esg agenda - lifesite,,41,5,ICEGOD69,WallStreetbetsELITE,False,False,Neutral
1666364143,"blackrock stock downgraded after pushing radical (esg) environmental, social, governance agenda",,13,3,chakokat,WayOfTheBern,False,False,Neutral
1666392371,american express stock falls despite topping estimates,[deleted],1,2,[deleted],CryptoCurrency,False,False,Neutral
1666999196,"freckledfoodie has def gotten annoying lately, but i just did a deep dive and i new she was wealthy but her dad was a major ceo for citi and american express. he has like 11,000,000 just in american express stock. she is rich rich. did anyone else know this?",,54,28,Commercial_Writer_21,NYCinfluencersnark,False,False,Positive
1668352428,brt car-15 sd honey badger 300 blk stock mod,,926,63,Broadrivertactical,GunPorn,False,False,Neutral
1668361969,full analysis of bank of america stock,[removed],1,0,[deleted],stocks,False,False,Neutral
1668451843,should you be worried about the bank of america stock forecast for hasbro?,,625,335,TimothyN,magicTCG,False,False,Negative
1669569058,"tip: you can use the ""alerts"" feature to be alerted when a certain threshold/metric is met. for example if i want to be alerted when jpm stock has price/book value below 1.00, i can set up this alert (see picture) and save it to receive an alert when that threshold is met.","&amp;#x200B;

https://preview.redd.it/v7901pff0j2a1.png?width=1582&amp;format=png&amp;auto=webp&amp;s=879447eb5f2d26f7a737681427de02e749db94f4",2,0,InvestingSucks,tickernomics,False,False,Positive
1669641353,does goldman sachs stock market forecast apply to bitcoin?,,4,0,FXStreetTeam,Crypto_Currency_News,False,False,Neutral
1670018858,blackstone inc (bx.n) limits withdrawals from its $69 billion unlisted real estate income trust (reit) on thursday after a surge in redemption requests (aka- bank run ü§°),,47,1,covblues,Wallstreetsilver,False,False,Positive
1670393415,"bank of america stock plunges, leading selloff in shares of largest u.s. banks",,252,51,cop3213,StockMarket,False,False,Positive
1670849271,jpmorgan chase &amp; co big upside | jpm stock news,,1,0,Foreign-Economist704,u_Foreign-Economist704,False,False,Neutral
1671478115,2 extra free bac stock when sign up. check out your exclusive gift! sign up with moomoo via my referral link and you can get 20 free shares. https://j.moomoo.com/00qbho - wvlhxdcm,,0,0,Benz951,referralcodes,False,False,Positive
1671541517,ms stock apps folders not removed even after uninstalling,"I unintalled Stock Windows apps like Photos, XBox, Quick Assist, etc  
I used 

1. IOBit Uninstaller
2. BC Uninstaller
3. Start Menu Uninstall button

Apps were uninstalled but the folder including the exe file was still there.  


Folder =&gt;  `C:\Program Files\WindowsApps`

Do anyone have any terminal command to completely remove this?",0,1,decipher3114,Windows11,False,False,Positive
1671568752,"$3,700,000,000 fine today and ceo charles w scharf ""dispose"" $3,000,000 of wfc stock end of october 2022",,3,0,Babymaker210,WellsFargoUnited,False,False,Positive
1672237813,is bank of america stock a buy now!? | bank of america (bac) stock analysis!,"Bank of America is one the largest banks in the U.S. and has seen considerable stock declines this year, along with its competitors.  BofA is trading a bit more cheaply to its peers on a price-to-earnings basis, but it is still relatively in line with the industry, at around 10 times earnings.  

This makes sense because the return on assets, a measure of profitability, is a bit lower for BofA than for its competitors.  The company pays a solid dividend of over 2.7% and based on a few different valuation models, looks like it is somewhat undervalued at its current price point. 

Source:  https://www.youtube.com/watch?v=bCk0CbqigMs (Dividendology)",1,0,Sol_Investor,SOLinvestor,False,False,Positive
